INSERT INTO USER ( ID,EMAIL , NAME , PASSWORD) VALUES(11,'kumar.utkarsh@GMAIL.COM','Kumar Utkarsh','12345');
INSERT INTO USER ( ID,EMAIL , NAME , PASSWORD) VALUES(12,'tom.cruise@GMAIL.COM','Tom Cruise','123*');
INSERT INTO USER ( ID,EMAIL , NAME , PASSWORD) VALUES(13,'tom.hardy@GMAIL.COM','Tom Hardy','1234');
INSERT INTO USER ( ID,EMAIL , NAME , PASSWORD) VALUES(14,'Matt.Damon@GMAIL.COM','Matt Damon','123');
COMMIT;
INSERT INTO ALBUM(ID,NAME,YEAR) VALUES(21,'KNIGHT','2010');
INSERT INTO ALBUM(ID,NAME,YEAR) VALUES(22,'TOWARDS THE NIGHT','2010');
INSERT INTO ALBUM(ID,NAME,YEAR) VALUES(23,'DESTINY WARRIOR','2017');
INSERT INTO ALBUM(ID,NAME,YEAR) VALUES(24,'RISE','2012');
COMMIT;
INSERT INTO ARTIST VALUES(31,'BEYONCE');
INSERT INTO ARTIST VALUES(32,'MADONNA');
INSERT INTO ARTIST VALUES(33,'NEWMAN');
INSERT INTO ARTIST VALUES(34,'TAYLOR');
COMMIT;
INSERT INTO SONG(ID,ALBUM_ID,ARTIST_IDS,DURATION,NAME,YEAR) VALUES(41,21,'33,34','3:40','MYSTIFY','2010');
INSERT INTO SONG(ID,ALBUM_ID,ARTIST_IDS,DURATION,NAME,YEAR) VALUES(42,23,'32,34','3:45','GODSPEED','2017');
INSERT INTO SONG(ID,ALBUM_ID,ARTIST_IDS,DURATION,NAME,YEAR) VALUES(43,23,'32,34','4:00','VENOM','2017');
INSERT INTO SONG(ID,ALBUM_ID,ARTIST_IDS,DURATION,NAME,YEAR) VALUES(44,23,'32,34','4:20','MISTAKEN','2017');
INSERT INTO SONG(ID,ALBUM_ID,ARTIST_IDS,DURATION,NAME,YEAR) VALUES(45,21,'33,34','3:20','POWER','2010');
INSERT INTO SONG(ID,ALBUM_ID,ARTIST_IDS,DURATION,NAME,YEAR) VALUES(46,21,'33,34','4:01','PUNCH','2010');
INSERT INTO SONG(ID,ALBUM_ID,ARTIST_IDS,DURATION,NAME,YEAR) VALUES(47,22,'31,33','4:00','AIRPORT','2010');
INSERT INTO SONG(ID,ALBUM_ID,ARTIST_IDS,DURATION,NAME,YEAR) VALUES(48,22,'31,33','4:10','VENICE','2010');
INSERT INTO SONG(ID,ALBUM_ID,ARTIST_IDS,DURATION,NAME,YEAR) VALUES(49,24,'31,32','4:00','CITYLIGHT','2012');
COMMIT;
INSERT INTO PLAYLIST(ID,NAME,SONG_IDS,USER_ID) VALUES(51,'PUMP UP','42,45,46',11);
INSERT INTO PLAYLIST(ID,NAME,SONG_IDS,USER_ID) VALUES(52,'HEAT','42,44',12);
INSERT INTO PLAYLIST(ID,NAME,SONG_IDS,USER_ID) VALUES(53,'ROMANCE','48,49',13);
INSERT INTO PLAYLIST(ID,NAME,SONG_IDS,USER_ID) VALUES(54,'MYSTERY','41,44,49',14);
COMMIT;


